{
  "project_info": {
    "project_number": "163055653285",
    "project_id": "hostel-management-aceden1",
    "storage_bucket": "hostel-management-aceden1.appspot.com"
  },
  "client": [
    {
      "client_info": {
        "mobilesdk_app_id": "1:163055653285:android:10bc2aeb5219a847cd184c",
        "android_client_info": {
          "package_name": "com.example.hostelmanagement_aceden"
        }
      },
      "oauth_client": [
        {
          "client_id": "163055653285-q469ahgopmjo0gf3sujqam1taj0gol52.apps.googleusercontent.com",
          "client_type": 3
        }
      ],
      "api_key": [
        {
          "current_key": "AIzaSyA893QUdIAkt3t_B8TMhL_4xQ4pSoIFLAA"
        }
      ],
      "services": {
        "appinvite_service": {
          "other_platform_oauth_client": [
            {
              "client_id": "163055653285-q469ahgopmjo0gf3sujqam1taj0gol52.apps.googleusercontent.com",
              "client_type": 3
            }
          ]
        }
      }
    }
  ],
  "configuration_version": "1"
}